slot,slot_file,source_file,work,layer_status,provider,script,source_sha256,upstream,upstream_commit,provenance_status
1,01_VINAYA_MULA_CST.txt,romn/vin01m.mul.xml,Pārājikapāḷi,MŪLA,Vipassana Research Institute / Tipitaka.org,Roman Pāli,4998460f1bb0e76a5e88bcfd89a3de11951d8ed461b09a3b8912e281604a670e,https://github.com/VipassanaTech/tipitaka-xml,e064d02da2db3df9a7d116a9191092b12e6dfe01,PENDING_PIN_VERIFY
1,01_VINAYA_MULA_CST.txt,romn/vin02m1.mul.xml,Pācittiyapāḷi,MŪLA,Vipassana Research Institute / Tipitaka.org,Roman Pāli,2cbb3463fcefc0165103790a07fec20020b4420a30df624ef92c9141841ccd20,https://github.com/VipassanaTech/tipitaka-xml,e064d02da2db3df9a7d116a9191092b12e6dfe01,PENDING_PIN_VERIFY
1,01_VINAYA_MULA_CST.txt,romn/vin02m2.mul.xml,Mahāvaggapāḷi,MŪLA,Vipassana Research Institute / Tipitaka.org,Roman Pāli,807ff2a2f726d8c7925d2ea93cea21eae9932c8581e96c4bec51b4c117d42587,https://github.com/VipassanaTech/tipitaka-xml,e064d02da2db3df9a7d116a9191092b12e6dfe01,PENDING_PIN_VERIFY
1,01_VINAYA_MULA_CST.txt,romn/vin02m3.mul.xml,Cūḷavaggapāḷi,MŪLA,Vipassana Research Institute / Tipitaka.org,Roman Pāli,f2fb76625c37a5924903ada1e94741af66f55fc3ca9ada734f1a2b137e021a84,https://github.com/VipassanaTech/tipitaka-xml,e064d02da2db3df9a7d116a9191092b12e6dfe01,PENDING_PIN_VERIFY
1,01_VINAYA_MULA_CST.txt,romn/vin02m4.mul.xml,Parivārapāḷi,MŪLA,Vipassana Research Institute / Tipitaka.org,Roman Pāli,66bea7d6ad3fbc5917045bf214733371639a7bba525833f467f6fdd8c198b6c8,https://github.com/VipassanaTech/tipitaka-xml,e064d02da2db3df9a7d116a9191092b12e6dfe01,PENDING_PIN_VERIFY
2,02_DN_MULA_CST.txt,romn/s0101m.mul.xml,Dīgha Nikāya — Sīlakkhandhavaggapāḷi,MŪLA,Vipassana Research Institute / Tipitaka.org,Roman Pāli,f7c1cd5898954fb7f67781a55ebe9333750f7bdc162b108b26c1a5cd2cebd944,https://github.com/VipassanaTech/tipitaka-xml,e064d02da2db3df9a7d116a9191092b12e6dfe01,PENDING_PIN_VERIFY
2,02_DN_MULA_CST.txt,romn/s0102m.mul.xml,Dīgha Nikāya — Mahāvaggapāḷi,MŪLA,Vipassana Research Institute / Tipitaka.org,Roman Pāli,1e0001399f3270868cfacf7247d29a4bf05dde6ba63ef722d9b41dc87421895f,https://github.com/VipassanaTech/tipitaka-xml,e064d02da2db3df9a7d116a9191092b12e6dfe01,PENDING_PIN_VERIFY
2,02_DN_MULA_CST.txt,romn/s0103m.mul.xml,Dīgha Nikāya — Pāthikavaggapāḷi,MŪLA,Vipassana Research Institute / Tipitaka.org,Roman Pāli,dc25cefc0ba6575417997d7fe7599ff28a421cf1a0fc7f2e015d19c28f7f2d3c,https://github.com/VipassanaTech/tipitaka-xml,e064d02da2db3df9a7d116a9191092b12e6dfe01,PENDING_PIN_VERIFY
3,03_MN_MULA_CST.txt,romn/s0201m.mul.xml,Majjhima Nikāya — Mūlapaṇṇāsapāḷi,MŪLA,Vipassana Research Institute / Tipitaka.org,Roman Pāli,92246ecbf18e1625ca43835eab2e62064dfd50d7fc20c5238b8d91779e633144,https://github.com/VipassanaTech/tipitaka-xml,e064d02da2db3df9a7d116a9191092b12e6dfe01,PENDING_PIN_VERIFY
3,03_MN_MULA_CST.txt,romn/s0202m.mul.xml,Majjhima Nikāya — Majjhimapaṇṇāsapāḷi,MŪLA,Vipassana Research Institute / Tipitaka.org,Roman Pāli,8fc70e9b55b2f283c15bbddedf69f79d18cbaf64379004525934a5a2a4bdc166,https://github.com/VipassanaTech/tipitaka-xml,e064d02da2db3df9a7d116a9191092b12e6dfe01,PENDING_PIN_VERIFY
3,03_MN_MULA_CST.txt,romn/s0203m.mul.xml,Majjhima Nikāya — Uparipaṇṇāsapāḷi,MŪLA,Vipassana Research Institute / Tipitaka.org,Roman Pāli,5e2448c1591299c58e7d0af07ce6fb52676306e8cad7dd2fa154f8c980aa4844,https://github.com/VipassanaTech/tipitaka-xml,e064d02da2db3df9a7d116a9191092b12e6dfe01,PENDING_PIN_VERIFY
4,04_SN_MULA_CST.txt,romn/s0301m.mul.xml,Saṃyutta Nikāya — Sagāthāvaggapāḷi,MŪLA,Vipassana Research Institute / Tipitaka.org,Roman Pāli,2a4a21596a0eda19c74fc2dedaaaccf262bf1776c09b3043d654a9f1c676411b,https://github.com/VipassanaTech/tipitaka-xml,e064d02da2db3df9a7d116a9191092b12e6dfe01,PENDING_PIN_VERIFY
4,04_SN_MULA_CST.txt,romn/s0302m.mul.xml,Saṃyutta Nikāya — Nidānavaggapāḷi,MŪLA,Vipassana Research Institute / Tipitaka.org,Roman Pāli,61bc83404230b7cf06142f642834c8ea69aa0f4f2cc45d201716cd1ac9a0b40a,https://github.com/VipassanaTech/tipitaka-xml,e064d02da2db3df9a7d116a9191092b12e6dfe01,PENDING_PIN_VERIFY
4,04_SN_MULA_CST.txt,romn/s0303m.mul.xml,Saṃyutta Nikāya — Khandhavaggapāḷi,MŪLA,Vipassana Research Institute / Tipitaka.org,Roman Pāli,ab96b1c89578c607a73f3bc931dff1315b1427815ce94b2ea1929583152f5a2a,https://github.com/VipassanaTech/tipitaka-xml,e064d02da2db3df9a7d116a9191092b12e6dfe01,PENDING_PIN_VERIFY
4,04_SN_MULA_CST.txt,romn/s0304m.mul.xml,Saṃyutta Nikāya — Saḷāyatanavaggapāḷi,MŪLA,Vipassana Research Institute / Tipitaka.org,Roman Pāli,82cb012c7f462a46f1d159577d13a5cabf3a8259c7886660d4fd83beee4f4dbb,https://github.com/VipassanaTech/tipitaka-xml,e064d02da2db3df9a7d116a9191092b12e6dfe01,PENDING_PIN_VERIFY
4,04_SN_MULA_CST.txt,romn/s0305m.mul.xml,Saṃyutta Nikāya — Mahāvaggapāḷi,MŪLA,Vipassana Research Institute / Tipitaka.org,Roman Pāli,95300f79a48558b66d54e5e0913b526aeda2be88cc3f3f3fd44542419fbebb78,https://github.com/VipassanaTech/tipitaka-xml,e064d02da2db3df9a7d116a9191092b12e6dfe01,PENDING_PIN_VERIFY
5,05_AN_MULA_CST.txt,romn/s0401m.mul.xml,Aṅguttara Nikāya — Ekakanipātapāḷi,MŪLA,Vipassana Research Institute / Tipitaka.org,Roman Pāli,2938300630a21715daf6b461139d636684b2643f3978257caaf211c842a805cb,https://github.com/VipassanaTech/tipitaka-xml,e064d02da2db3df9a7d116a9191092b12e6dfe01,PENDING_PIN_VERIFY
5,05_AN_MULA_CST.txt,romn/s0402m1.mul.xml,Aṅguttara Nikāya — Dukanipātapāḷi,MŪLA,Vipassana Research Institute / Tipitaka.org,Roman Pāli,a41908917b1c0bf1e17c740845612d7a83489073a8bdfde3425f442cd73252a5,https://github.com/VipassanaTech/tipitaka-xml,e064d02da2db3df9a7d116a9191092b12e6dfe01,PENDING_PIN_VERIFY
5,05_AN_MULA_CST.txt,romn/s0402m2.mul.xml,Aṅguttara Nikāya — Tikanipātapāḷi,MŪLA,Vipassana Research Institute / Tipitaka.org,Roman Pāli,41ea7d2199fa1616691e3d358db4d84c69d049b9a7c26ba94688b0d9cae7197a,https://github.com/VipassanaTech/tipitaka-xml,e064d02da2db3df9a7d116a9191092b12e6dfe01,PENDING_PIN_VERIFY
5,05_AN_MULA_CST.txt,romn/s0402m3.mul.xml,Aṅguttara Nikāya — Catukkanipātapāḷi,MŪLA,Vipassana Research Institute / Tipitaka.org,Roman Pāli,17841b20862c2c6e52d58fd34d75747fa606cb9d6fc5610eb4e3bba41dede667,https://github.com/VipassanaTech/tipitaka-xml,e064d02da2db3df9a7d116a9191092b12e6dfe01,PENDING_PIN_VERIFY
5,05_AN_MULA_CST.txt,romn/s0403m1.mul.xml,Aṅguttara Nikāya — Pañcakanipātapāḷi,MŪLA,Vipassana Research Institute / Tipitaka.org,Roman Pāli,92476afb6d3a4a776e60040dfb17c1df73e06be5926a3380d9909b44e68e521d,https://github.com/VipassanaTech/tipitaka-xml,e064d02da2db3df9a7d116a9191092b12e6dfe01,PENDING_PIN_VERIFY
5,05_AN_MULA_CST.txt,romn/s0403m2.mul.xml,Aṅguttara Nikāya — Chakkanipātapāḷi,MŪLA,Vipassana Research Institute / Tipitaka.org,Roman Pāli,897920bfe0cebc71ec18a2faab329425b19ba4424d7569ab0c4e10653afb975b,https://github.com/VipassanaTech/tipitaka-xml,e064d02da2db3df9a7d116a9191092b12e6dfe01,PENDING_PIN_VERIFY
5,05_AN_MULA_CST.txt,romn/s0403m3.mul.xml,Aṅguttara Nikāya — Sattakanipātapāḷi,MŪLA,Vipassana Research Institute / Tipitaka.org,Roman Pāli,da7f3ae6c21c3414f9f7e9b8c76695d18e1a67feeaa0f60b357badee8ce7beec,https://github.com/VipassanaTech/tipitaka-xml,e064d02da2db3df9a7d116a9191092b12e6dfe01,PENDING_PIN_VERIFY
5,05_AN_MULA_CST.txt,romn/s0404m1.mul.xml,Aṅguttara Nikāya — Aṭṭhakanipātapāḷi,MŪLA,Vipassana Research Institute / Tipitaka.org,Roman Pāli,249d11e097926ab394a1613ee6587511cfb2bd74e68585c8fadde1df8cd9c2c9,https://github.com/VipassanaTech/tipitaka-xml,e064d02da2db3df9a7d116a9191092b12e6dfe01,PENDING_PIN_VERIFY
5,05_AN_MULA_CST.txt,romn/s0404m2.mul.xml,Aṅguttara Nikāya — Navakanipātapāḷi,MŪLA,Vipassana Research Institute / Tipitaka.org,Roman Pāli,d1a6fcd8556282516bc2afcab382b896e93e9bc2d2db2d1967a8a56e6c2256f5,https://github.com/VipassanaTech/tipitaka-xml,e064d02da2db3df9a7d116a9191092b12e6dfe01,PENDING_PIN_VERIFY
5,05_AN_MULA_CST.txt,romn/s0404m3.mul.xml,Aṅguttara Nikāya — Dasakanipātapāḷi,MŪLA,Vipassana Research Institute / Tipitaka.org,Roman Pāli,9de153dadb79ecead1754dd865779b41d3f6583c9eb1b0832d9ad73938ec0e6c,https://github.com/VipassanaTech/tipitaka-xml,e064d02da2db3df9a7d116a9191092b12e6dfe01,PENDING_PIN_VERIFY
5,05_AN_MULA_CST.txt,romn/s0404m4.mul.xml,Aṅguttara Nikāya — Ekādasakanipātapāḷi,MŪLA,Vipassana Research Institute / Tipitaka.org,Roman Pāli,9c6bc459b241c1a2a2d2e36557a245f97065cf335a9feab9779228786f1138d3,https://github.com/VipassanaTech/tipitaka-xml,e064d02da2db3df9a7d116a9191092b12e6dfe01,PENDING_PIN_VERIFY
6,06_KN_EARLY_MULA.txt,romn/s0501m.mul.xml,Khuddakapāṭhapāḷi,MŪLA,Vipassana Research Institute / Tipitaka.org,Roman Pāli,a9f4086f23aa72ef72f45651d3d0fabed05b15f8d4760a2689cf2526c90c0d6f,https://github.com/VipassanaTech/tipitaka-xml,e064d02da2db3df9a7d116a9191092b12e6dfe01,PENDING_PIN_VERIFY
6,06_KN_EARLY_MULA.txt,romn/s0502m.mul.xml,Dhammapadapāḷi,MŪLA,Vipassana Research Institute / Tipitaka.org,Roman Pāli,17bd8e40331d5a90384459f4c00f4f93c6df84c565f9a276f28c117f6f1f94e8,https://github.com/VipassanaTech/tipitaka-xml,e064d02da2db3df9a7d116a9191092b12e6dfe01,PENDING_PIN_VERIFY
6,06_KN_EARLY_MULA.txt,romn/s0503m.mul.xml,Udānapāḷi,MŪLA,Vipassana Research Institute / Tipitaka.org,Roman Pāli,bd1d149a2e374da849f7c9ed9cfe2318027e89dbc187b6caaec8e57dba6af864,https://github.com/VipassanaTech/tipitaka-xml,e064d02da2db3df9a7d116a9191092b12e6dfe01,PENDING_PIN_VERIFY
6,06_KN_EARLY_MULA.txt,romn/s0504m.mul.xml,Itivuttakapāḷi,MŪLA,Vipassana Research Institute / Tipitaka.org,Roman Pāli,0bd17a4513904c1328aca6457c01fbed72909a0484398304f2d5f25c53bb1a5c,https://github.com/VipassanaTech/tipitaka-xml,e064d02da2db3df9a7d116a9191092b12e6dfe01,PENDING_PIN_VERIFY
6,06_KN_EARLY_MULA.txt,romn/s0505m.mul.xml,Suttanipātapāḷi,MŪLA,Vipassana Research Institute / Tipitaka.org,Roman Pāli,4edf85ef43bf3eda6be00d7b5210db4b493cf4323654345fc20fe493a5ebc7c2,https://github.com/VipassanaTech/tipitaka-xml,e064d02da2db3df9a7d116a9191092b12e6dfe01,PENDING_PIN_VERIFY
7,07_KN_POETRY_MULA.txt,romn/s0506m.mul.xml,Vimānavatthupāḷi,MŪLA,Vipassana Research Institute / Tipitaka.org,Roman Pāli,667955d2ff764ea89c7c7759e4d40474b7c8c0f87fb18b43e85e13fb611e2116,https://github.com/VipassanaTech/tipitaka-xml,e064d02da2db3df9a7d116a9191092b12e6dfe01,PENDING_PIN_VERIFY
7,07_KN_POETRY_MULA.txt,romn/s0507m.mul.xml,Petavatthupāḷi,MŪLA,Vipassana Research Institute / Tipitaka.org,Roman Pāli,d640893ab1eeef5256865e499c8b47c8719c4b9c259e9d85c45ccb6a475854d3,https://github.com/VipassanaTech/tipitaka-xml,e064d02da2db3df9a7d116a9191092b12e6dfe01,PENDING_PIN_VERIFY
7,07_KN_POETRY_MULA.txt,romn/s0508m.mul.xml,Theragāthāpāḷi,MŪLA,Vipassana Research Institute / Tipitaka.org,Roman Pāli,30a3a7daaf5724e1b3eee155c37427354560c3bfb92e5ae16ac5b7b6ce1255b7,https://github.com/VipassanaTech/tipitaka-xml,e064d02da2db3df9a7d116a9191092b12e6dfe01,PENDING_PIN_VERIFY
7,07_KN_POETRY_MULA.txt,romn/s0509m.mul.xml,Therīgāthāpāḷi,MŪLA,Vipassana Research Institute / Tipitaka.org,Roman Pāli,51eae489b3a5bc8dc553936eb5df27b68f8e3e592373fe4f91048f3c9cc913a3,https://github.com/VipassanaTech/tipitaka-xml,e064d02da2db3df9a7d116a9191092b12e6dfe01,PENDING_PIN_VERIFY
8,08_KN_LATER_MULA.txt,romn/s0510m1.mul.xml,Apadānapāḷi — part 1,MŪLA,Vipassana Research Institute / Tipitaka.org,Roman Pāli,ad566fefab842ddcf02a84b1bda9b9dafcadba2cbb4e81fad1be58c98cc2bed1,https://github.com/VipassanaTech/tipitaka-xml,e064d02da2db3df9a7d116a9191092b12e6dfe01,PENDING_PIN_VERIFY
8,08_KN_LATER_MULA.txt,romn/s0510m2.mul.xml,Apadānapāḷi — part 2,MŪLA,Vipassana Research Institute / Tipitaka.org,Roman Pāli,23e0721c8fe05a6105b56b627ac38291d10e0eab799a082c257466603f0839a1,https://github.com/VipassanaTech/tipitaka-xml,e064d02da2db3df9a7d116a9191092b12e6dfe01,PENDING_PIN_VERIFY
8,08_KN_LATER_MULA.txt,romn/s0511m.mul.xml,Buddhavaṃsapāḷi,MŪLA,Vipassana Research Institute / Tipitaka.org,Roman Pāli,b86d4763b131525272a4e7f0fb2870810e17dda42cf02c92a49553397bd3acb5,https://github.com/VipassanaTech/tipitaka-xml,e064d02da2db3df9a7d116a9191092b12e6dfe01,PENDING_PIN_VERIFY
8,08_KN_LATER_MULA.txt,romn/s0512m.mul.xml,Cariyāpiṭakapāḷi,MŪLA,Vipassana Research Institute / Tipitaka.org,Roman Pāli,76010b9b77f12bf675b3e04e6d7a7ff166d23e131bcf948440ca7515f3890d95,https://github.com/VipassanaTech/tipitaka-xml,e064d02da2db3df9a7d116a9191092b12e6dfe01,PENDING_PIN_VERIFY
8,08_KN_LATER_MULA.txt,romn/s0513m.mul.xml,Jātakapāḷi — part 1,MŪLA,Vipassana Research Institute / Tipitaka.org,Roman Pāli,0f2f00e929705c28b77925bed8c2f00ff830085e48a7023d356382363d1ef228,https://github.com/VipassanaTech/tipitaka-xml,e064d02da2db3df9a7d116a9191092b12e6dfe01,PENDING_PIN_VERIFY
8,08_KN_LATER_MULA.txt,romn/s0514m.mul.xml,Jātakapāḷi — part 2,MŪLA,Vipassana Research Institute / Tipitaka.org,Roman Pāli,9fc8581962238d36651ed8974480b86c7375d0d06bbbe051d0eee6bdc1ecf8c9,https://github.com/VipassanaTech/tipitaka-xml,e064d02da2db3df9a7d116a9191092b12e6dfe01,PENDING_PIN_VERIFY
9,09_KN_EXEGETICAL_MULA.txt,romn/s0515m.mul.xml,Mahāniddesapāḷi,MŪLA,Vipassana Research Institute / Tipitaka.org,Roman Pāli,48a4a77593c73593b8c4d4361bd7b7146194b695d5bc4c6e8729c468e07016c7,https://github.com/VipassanaTech/tipitaka-xml,e064d02da2db3df9a7d116a9191092b12e6dfe01,PENDING_PIN_VERIFY
9,09_KN_EXEGETICAL_MULA.txt,romn/s0516m.mul.xml,Cūḷaniddesapāḷi,MŪLA,Vipassana Research Institute / Tipitaka.org,Roman Pāli,e7ac11f11dff5ce618d36da8ca5f2da6faee016a3efd2807e7bb88b1e1878563,https://github.com/VipassanaTech/tipitaka-xml,e064d02da2db3df9a7d116a9191092b12e6dfe01,PENDING_PIN_VERIFY
9,09_KN_EXEGETICAL_MULA.txt,romn/s0517m.mul.xml,Paṭisambhidāmaggapāḷi,MŪLA,Vipassana Research Institute / Tipitaka.org,Roman Pāli,8a270ae437979da2cfe139cee5f208578869e01cb6840ece31775f0b8d2de85e,https://github.com/VipassanaTech/tipitaka-xml,e064d02da2db3df9a7d116a9191092b12e6dfe01,PENDING_PIN_VERIFY
10,10_KN_NETTI_MILINDA_PETAKA.txt,romn/s0518m.nrf.xml,Milindapañhapāḷi,NRF / supplementary in repo,Vipassana Research Institute / Tipitaka.org,Roman Pāli,06bbd414bd8570e63f280ab34d945f72eee5382a79cda583a852027c4f078570,https://github.com/VipassanaTech/tipitaka-xml,e064d02da2db3df9a7d116a9191092b12e6dfe01,PENDING_PIN_VERIFY
10,10_KN_NETTI_MILINDA_PETAKA.txt,romn/s0519m.mul.xml,Nettippakaraṇapāḷi,MŪLA,Vipassana Research Institute / Tipitaka.org,Roman Pāli,f6faf22ff2942511b6b70c954f4dff844e24aff45870e40204fb5f656564a9bc,https://github.com/VipassanaTech/tipitaka-xml,e064d02da2db3df9a7d116a9191092b12e6dfe01,PENDING_PIN_VERIFY
10,10_KN_NETTI_MILINDA_PETAKA.txt,romn/s0520m.nrf.xml,Peṭakopadesapāḷi,NRF / supplementary in repo,Vipassana Research Institute / Tipitaka.org,Roman Pāli,7f1e456b94adae946c8e05e66f6b3600dc882175285223e9669d82aee2f04f4d,https://github.com/VipassanaTech/tipitaka-xml,e064d02da2db3df9a7d116a9191092b12e6dfe01,PENDING_PIN_VERIFY
11,11_ABHIDHAMMA_CORE_MULA.txt,romn/abh01m.mul.xml,Dhammasaṅgaṇīpāḷi,MŪLA,Vipassana Research Institute / Tipitaka.org,Roman Pāli,e7c91999b885b328cb0b78bd19126c0e3fcf229994268f4eb9f0773afefa2e56,https://github.com/VipassanaTech/tipitaka-xml,e064d02da2db3df9a7d116a9191092b12e6dfe01,PENDING_PIN_VERIFY
11,11_ABHIDHAMMA_CORE_MULA.txt,romn/abh02m.mul.xml,Vibhaṅgapāḷi,MŪLA,Vipassana Research Institute / Tipitaka.org,Roman Pāli,81626686eff183b32cd24f1e77cc6baf907e16af1258d5b981150857d6f172f9,https://github.com/VipassanaTech/tipitaka-xml,e064d02da2db3df9a7d116a9191092b12e6dfe01,PENDING_PIN_VERIFY
11,11_ABHIDHAMMA_CORE_MULA.txt,romn/abh03m1.mul.xml,Dhātukathāpāḷi,MŪLA,Vipassana Research Institute / Tipitaka.org,Roman Pāli,ea4d1d33bd1ab0f4f727c5ecf698033061b16f41c7113d33cd6ea2a391d0623d,https://github.com/VipassanaTech/tipitaka-xml,e064d02da2db3df9a7d116a9191092b12e6dfe01,PENDING_PIN_VERIFY
11,11_ABHIDHAMMA_CORE_MULA.txt,romn/abh03m2.mul.xml,Puggalapaññattipāḷi,MŪLA,Vipassana Research Institute / Tipitaka.org,Roman Pāli,63e4973cbec847559c23f2f286c8ec3ae39616da5f5732a95086dcc84de31d5a,https://github.com/VipassanaTech/tipitaka-xml,e064d02da2db3df9a7d116a9191092b12e6dfe01,PENDING_PIN_VERIFY
11,11_ABHIDHAMMA_CORE_MULA.txt,romn/abh03m3.mul.xml,Kathāvatthupāḷi,MŪLA,Vipassana Research Institute / Tipitaka.org,Roman Pāli,a046204fee5c6d8feae61be173f524c9b1a6648f8f7113d49e26586930afdac8,https://github.com/VipassanaTech/tipitaka-xml,e064d02da2db3df9a7d116a9191092b12e6dfe01,PENDING_PIN_VERIFY
12,12_YAMAKA_MULA.txt,romn/abh03m4.mul.xml,Yamakapāḷi — part 1,MŪLA,Vipassana Research Institute / Tipitaka.org,Roman Pāli,42b89513b05761b80aedac7176f6b9a64f31deb62f653b7c6d5cbcf2de832b63,https://github.com/VipassanaTech/tipitaka-xml,e064d02da2db3df9a7d116a9191092b12e6dfe01,PENDING_PIN_VERIFY
12,12_YAMAKA_MULA.txt,romn/abh03m5.mul.xml,Yamakapāḷi — part 2,MŪLA,Vipassana Research Institute / Tipitaka.org,Roman Pāli,e7fe98a900a1bb1d78805760a57bb39a59ccecb066a838733fac73d62462f112,https://github.com/VipassanaTech/tipitaka-xml,e064d02da2db3df9a7d116a9191092b12e6dfe01,PENDING_PIN_VERIFY
12,12_YAMAKA_MULA.txt,romn/abh03m6.mul.xml,Yamakapāḷi — part 3,MŪLA,Vipassana Research Institute / Tipitaka.org,Roman Pāli,4c89155ca2cd74885f74a079a3c3fcddea63d199c93fb16024825015fed66147,https://github.com/VipassanaTech/tipitaka-xml,e064d02da2db3df9a7d116a9191092b12e6dfe01,PENDING_PIN_VERIFY
13,13_PATTHANA_MULA.txt,romn/abh03m7.mul.xml,Paṭṭhānapāḷi — part 1,MŪLA,Vipassana Research Institute / Tipitaka.org,Roman Pāli,e33513b200f58682ad9d71b109c717a054b1f2f215f0addcfde1a8da7247cf76,https://github.com/VipassanaTech/tipitaka-xml,e064d02da2db3df9a7d116a9191092b12e6dfe01,PENDING_PIN_VERIFY
13,13_PATTHANA_MULA.txt,romn/abh03m8.mul.xml,Paṭṭhānapāḷi — part 2,MŪLA,Vipassana Research Institute / Tipitaka.org,Roman Pāli,bd4e45cfaabe890d0441ab32d944336af84b8dbb779592001c6681707b38405f,https://github.com/VipassanaTech/tipitaka-xml,e064d02da2db3df9a7d116a9191092b12e6dfe01,PENDING_PIN_VERIFY
13,13_PATTHANA_MULA.txt,romn/abh03m9.mul.xml,Paṭṭhānapāḷi — part 3,MŪLA,Vipassana Research Institute / Tipitaka.org,Roman Pāli,3f989154208dcfe909bad0dc817787e888dfb054d2aaf7a864a239576b5d11b0,https://github.com/VipassanaTech/tipitaka-xml,e064d02da2db3df9a7d116a9191092b12e6dfe01,PENDING_PIN_VERIFY
13,13_PATTHANA_MULA.txt,romn/abh03m10.mul.xml,Paṭṭhānapāḷi — part 4,MŪLA,Vipassana Research Institute / Tipitaka.org,Roman Pāli,a267c3c171136291c563b95311e5008982e0521371b4b97315945bbbe99677f6,https://github.com/VipassanaTech/tipitaka-xml,e064d02da2db3df9a7d116a9191092b12e6dfe01,PENDING_PIN_VERIFY
13,13_PATTHANA_MULA.txt,romn/abh03m11.mul.xml,Paṭṭhānapāḷi — part 5,MŪLA,Vipassana Research Institute / Tipitaka.org,Roman Pāli,9529761f93592729650d8db59b762dcbcc94b5de4bfd36cfce655eac8bbd37cc,https://github.com/VipassanaTech/tipitaka-xml,e064d02da2db3df9a7d116a9191092b12e6dfe01,PENDING_PIN_VERIFY
14,14_VISUDDHIMAGGA_CLASSICAL.txt,romn/e0101n.mul.xml,Visuddhimaggo,POST-CANONICAL / SYSTEMATIC — VISUDDHIMAGGA,Vipassana Research Institute / Tipitaka.org,Roman Pāli,641941c094ee7f4d28dce8544d114c30ee33dbc82a654ab58c244461f3f91640,https://github.com/VipassanaTech/tipitaka-xml,e064d02da2db3df9a7d116a9191092b12e6dfe01,PINNED_IN_SLOT
14,14_VISUDDHIMAGGA_CLASSICAL.txt,romn/e0102n.mul.xml,Visuddhimaggo,POST-CANONICAL / SYSTEMATIC — VISUDDHIMAGGA,Vipassana Research Institute / Tipitaka.org,Roman Pāli,a5a42ede0f5af63e342f574dc7a1f9c4e32aa686de85d3b5cfd49f237d71de18,https://github.com/VipassanaTech/tipitaka-xml,e064d02da2db3df9a7d116a9191092b12e6dfe01,PINNED_IN_SLOT
14,14_VISUDDHIMAGGA_CLASSICAL.txt,romn/e0103n.att.xml,Visuddhimagga-mahāṭīkā,ṬĪKĀ — VISUDDHIMAGGA-MAHĀṬĪKĀ / PARAMATTHAMAÑJŪSĀ,Vipassana Research Institute / Tipitaka.org,Roman Pāli,d5e7ad486e6fe1ff89ef031d06779b2e0768fa69b44fc084fe3e080dfaedc4f1,https://github.com/VipassanaTech/tipitaka-xml,e064d02da2db3df9a7d116a9191092b12e6dfe01,PINNED_IN_SLOT
14,14_VISUDDHIMAGGA_CLASSICAL.txt,romn/e0104n.att.xml,Visuddhimagga-mahāṭīkā,ṬĪKĀ — VISUDDHIMAGGA-MAHĀṬĪKĀ / PARAMATTHAMAÑJŪSĀ,Vipassana Research Institute / Tipitaka.org,Roman Pāli,9e4a218ee83478c410d3e8db180e8f05943fe3ab67d8c55442cf17e47a31c8d9,https://github.com/VipassanaTech/tipitaka-xml,e064d02da2db3df9a7d116a9191092b12e6dfe01,PINNED_IN_SLOT
15,15_VINAYA_ATTHAKATHA.txt,romn/vin01a.att.xml,Vinayapiṭake,AṬṬHAKATHĀ,Vipassana Research Institute / Tipitaka.org,Roman Pāli,7ac2797c216e85221ed57ca70e2bcab5dac8e77bdc393b5e3a85b0c10dcf459a,https://github.com/VipassanaTech/tipitaka-xml,e064d02da2db3df9a7d116a9191092b12e6dfe01,PINNED_IN_SLOT
15,15_VINAYA_ATTHAKATHA.txt,romn/vin02a1.att.xml,Vinayapiṭake,AṬṬHAKATHĀ,Vipassana Research Institute / Tipitaka.org,Roman Pāli,602a057db7f0ca5f8ff55c253510db89fe4f4a5ebc40633c85552ff1eeae3e5b,https://github.com/VipassanaTech/tipitaka-xml,e064d02da2db3df9a7d116a9191092b12e6dfe01,PINNED_IN_SLOT
15,15_VINAYA_ATTHAKATHA.txt,romn/vin02a2.att.xml,Vinayapiṭake,AṬṬHAKATHĀ,Vipassana Research Institute / Tipitaka.org,Roman Pāli,b50971a3f9216e6da5b6a38d295a405fa67f92461d64f529f7ca2024acda9309,https://github.com/VipassanaTech/tipitaka-xml,e064d02da2db3df9a7d116a9191092b12e6dfe01,PINNED_IN_SLOT
15,15_VINAYA_ATTHAKATHA.txt,romn/vin02a3.att.xml,Vinayapiṭake,AṬṬHAKATHĀ,Vipassana Research Institute / Tipitaka.org,Roman Pāli,655d7cfa0fd3e26d3a2cf07fb5dfdad4e1f7ee359689afcb05da002528bb602c,https://github.com/VipassanaTech/tipitaka-xml,e064d02da2db3df9a7d116a9191092b12e6dfe01,PINNED_IN_SLOT
15,15_VINAYA_ATTHAKATHA.txt,romn/vin02a4.att.xml,Vinayapiṭake,AṬṬHAKATHĀ,Vipassana Research Institute / Tipitaka.org,Roman Pāli,9ee4b7f3a5023f873252da0967ba13f88dd0923d5525a92c21735f9d6ba62db2,https://github.com/VipassanaTech/tipitaka-xml,e064d02da2db3df9a7d116a9191092b12e6dfe01,PINNED_IN_SLOT
15,15_VINAYA_ATTHAKATHA.txt,raw/cst-ve-kkh1.xml,Kaṅkhāvitaraṇī — Bhikkhupātimokkhavaṇṇanā,AṬṬHAKATHĀ — KAṄKHĀVITARAṆĪ,J.R. Bhaddacak / cst-kit; original CST data from Tipitaka.org,Roman Pāli,800515de8573aa3291e9c93e835e8e9f2e462301b710a7aabe673257a4483a84,https://github.com/bhaddacak/cst-kit,cc0bab5fdf378d01deb3649112c0a9fddc317283,VERIFIED_C2A_CSTKIT
15,15_VINAYA_ATTHAKATHA.txt,raw/cst-ve-kkh2.xml,Kaṅkhāvitaraṇī — Bhikkhunīpātimokkhavaṇṇanā,AṬṬHAKATHĀ — KAṄKHĀVITARAṆĪ,J.R. Bhaddacak / cst-kit; original CST data from Tipitaka.org,Roman Pāli,d4d81eef9b5e8d8c5bb73969e133704b65c7a560d6329ffd619d5d0996a58650,https://github.com/bhaddacak/cst-kit,cc0bab5fdf378d01deb3649112c0a9fddc317283,VERIFIED_C2A_CSTKIT
16,16_DN_ATTHAKATHA.txt,romn/s0101a.att.xml,Dīghanikāye,AṬṬHAKATHĀ,Vipassana Research Institute / Tipitaka.org,Roman Pāli,6b8ae31617dd416f34e60b2195ad9e3130dbea1f779a71dab8f311a5f84ed1f0,https://github.com/VipassanaTech/tipitaka-xml,e064d02da2db3df9a7d116a9191092b12e6dfe01,PINNED_IN_SLOT
16,16_DN_ATTHAKATHA.txt,romn/s0102a.att.xml,Dīghanikāye,AṬṬHAKATHĀ,Vipassana Research Institute / Tipitaka.org,Roman Pāli,2d995a3e7fbd3c71600a987632d68cceca62fab30f710d1803ac0b57412b7913,https://github.com/VipassanaTech/tipitaka-xml,e064d02da2db3df9a7d116a9191092b12e6dfe01,PINNED_IN_SLOT
16,16_DN_ATTHAKATHA.txt,romn/s0103a.att.xml,Dīghanikāye,AṬṬHAKATHĀ,Vipassana Research Institute / Tipitaka.org,Roman Pāli,8e0d160b9762652498b73d7de30ff097ef95c6fa3bae2140df8163da52ef1961,https://github.com/VipassanaTech/tipitaka-xml,e064d02da2db3df9a7d116a9191092b12e6dfe01,PINNED_IN_SLOT
17,17_MN_ATTHAKATHA.txt,romn/s0201a.att.xml,Majjhimanikāye,AṬṬHAKATHĀ,Vipassana Research Institute / Tipitaka.org,Roman Pāli,94ca2563288319a56b2cc07c13291a4efe9b7fca57fee0944d2311b636e7fc49,https://github.com/VipassanaTech/tipitaka-xml,e064d02da2db3df9a7d116a9191092b12e6dfe01,PINNED_IN_SLOT
17,17_MN_ATTHAKATHA.txt,romn/s0202a.att.xml,Majjhimanikāye,AṬṬHAKATHĀ,Vipassana Research Institute / Tipitaka.org,Roman Pāli,d2d6b1acfb377ba06b51686f214ee5f905a0c174f5a48011a2bbb5091f43d549,https://github.com/VipassanaTech/tipitaka-xml,e064d02da2db3df9a7d116a9191092b12e6dfe01,PINNED_IN_SLOT
17,17_MN_ATTHAKATHA.txt,romn/s0203a.att.xml,Majjhimanikāye,AṬṬHAKATHĀ,Vipassana Research Institute / Tipitaka.org,Roman Pāli,bd1a81c6d285a19dc74c61c5d89c11166d7751f396c2b6127b07e050476effc2,https://github.com/VipassanaTech/tipitaka-xml,e064d02da2db3df9a7d116a9191092b12e6dfe01,PINNED_IN_SLOT
18,18_SN_ATTHAKATHA.txt,romn/s0301a.att.xml,Saṃyuttanikāye,AṬṬHAKATHĀ,Vipassana Research Institute / Tipitaka.org,Roman Pāli,50d1238ab0f3bc3dc0fe974f1404c032bde03573d2880c0d75f5ed444e9f5071,https://github.com/VipassanaTech/tipitaka-xml,e064d02da2db3df9a7d116a9191092b12e6dfe01,PINNED_IN_SLOT
18,18_SN_ATTHAKATHA.txt,romn/s0302a.att.xml,Saṃyuttanikāye,AṬṬHAKATHĀ,Vipassana Research Institute / Tipitaka.org,Roman Pāli,552f37180939a3795ad4ebde050a0f0fb13964945f9733f7b15bd332c22dbdd0,https://github.com/VipassanaTech/tipitaka-xml,e064d02da2db3df9a7d116a9191092b12e6dfe01,PINNED_IN_SLOT
18,18_SN_ATTHAKATHA.txt,romn/s0303a.att.xml,Saṃyuttanikāye,AṬṬHAKATHĀ,Vipassana Research Institute / Tipitaka.org,Roman Pāli,c9dbde993a3f9a213e91c353898dbf8ab7c3be2b0f2d65a9aa4331381b2a7a03,https://github.com/VipassanaTech/tipitaka-xml,e064d02da2db3df9a7d116a9191092b12e6dfe01,PINNED_IN_SLOT
18,18_SN_ATTHAKATHA.txt,romn/s0304a.att.xml,Saṃyuttanikāye,AṬṬHAKATHĀ,Vipassana Research Institute / Tipitaka.org,Roman Pāli,9a84c84a000a4fb6b74171c5ea2f084456291c0ac5d6b27c23b3a53dd36e37b0,https://github.com/VipassanaTech/tipitaka-xml,e064d02da2db3df9a7d116a9191092b12e6dfe01,PINNED_IN_SLOT
18,18_SN_ATTHAKATHA.txt,romn/s0305a.att.xml,Saṃyuttanikāye,AṬṬHAKATHĀ,Vipassana Research Institute / Tipitaka.org,Roman Pāli,f10c9e53a092818676ec8c6b46a86cb227b89243d6d9b560dc8037378ffe5692,https://github.com/VipassanaTech/tipitaka-xml,e064d02da2db3df9a7d116a9191092b12e6dfe01,PINNED_IN_SLOT
19,19_AN_ATTHAKATHA.txt,romn/s0401a.att.xml,Aṅguttaranikāye,AṬṬHAKATHĀ,Vipassana Research Institute / Tipitaka.org,Roman Pāli,c36de8a8192bea7fe43b41e47c6d4f7213ac7d6e886a42cddd3c2d028f9b2978,https://github.com/VipassanaTech/tipitaka-xml,e064d02da2db3df9a7d116a9191092b12e6dfe01,PINNED_IN_SLOT
19,19_AN_ATTHAKATHA.txt,romn/s0402a.att.xml,Aṅguttaranikāye,AṬṬHAKATHĀ,Vipassana Research Institute / Tipitaka.org,Roman Pāli,efa22aa16d1df7d2558d9b3bdd81be851b787153a68157def380ccf6695c0c51,https://github.com/VipassanaTech/tipitaka-xml,e064d02da2db3df9a7d116a9191092b12e6dfe01,PINNED_IN_SLOT
19,19_AN_ATTHAKATHA.txt,romn/s0403a.att.xml,Aṅguttaranikāye,AṬṬHAKATHĀ,Vipassana Research Institute / Tipitaka.org,Roman Pāli,b46056da4802ad56a4bf6f4e5d6b4cef5c081d9b257c964985e7e7f66e570528,https://github.com/VipassanaTech/tipitaka-xml,e064d02da2db3df9a7d116a9191092b12e6dfe01,PINNED_IN_SLOT
19,19_AN_ATTHAKATHA.txt,romn/s0404a.att.xml,Aṅguttaranikāye,AṬṬHAKATHĀ,Vipassana Research Institute / Tipitaka.org,Roman Pāli,a5a5d981721df079a6e420c35ef4d1bd3d23b27f5fc09e23392b4187129e26a9,https://github.com/VipassanaTech/tipitaka-xml,e064d02da2db3df9a7d116a9191092b12e6dfe01,PINNED_IN_SLOT
20,20_KN_ATTHAKATHA_I.txt,romn/s0501a.att.xml,Khuddakanikāye,AṬṬHAKATHĀ,Vipassana Research Institute / Tipitaka.org,Roman Pāli,ea320f3701edfa4a702ec48f461a67024f40a76d9839d2bd9abca34fa64cf2e5,https://github.com/VipassanaTech/tipitaka-xml,e064d02da2db3df9a7d116a9191092b12e6dfe01,PINNED_IN_SLOT
20,20_KN_ATTHAKATHA_I.txt,romn/s0502a.att.xml,Khuddakanikāye,AṬṬHAKATHĀ,Vipassana Research Institute / Tipitaka.org,Roman Pāli,c8117298419c4e5d165eef7ed3c85ebeba38e0d1462ebe68f235b7ca3908a7a4,https://github.com/VipassanaTech/tipitaka-xml,e064d02da2db3df9a7d116a9191092b12e6dfe01,PINNED_IN_SLOT
20,20_KN_ATTHAKATHA_I.txt,romn/s0503a.att.xml,Khuddakanikāye,AṬṬHAKATHĀ,Vipassana Research Institute / Tipitaka.org,Roman Pāli,9f86b76429b66f8946b85c28c30fa7e8d475b288f80de47fe7a43364b808e69e,https://github.com/VipassanaTech/tipitaka-xml,e064d02da2db3df9a7d116a9191092b12e6dfe01,PINNED_IN_SLOT
20,20_KN_ATTHAKATHA_I.txt,romn/s0504a.att.xml,Khuddakanikāye,AṬṬHAKATHĀ,Vipassana Research Institute / Tipitaka.org,Roman Pāli,747cbd10e8818263b988ef19c94192e5f9f51a19da9067f028ba1754311df08a,https://github.com/VipassanaTech/tipitaka-xml,e064d02da2db3df9a7d116a9191092b12e6dfe01,PINNED_IN_SLOT
20,20_KN_ATTHAKATHA_I.txt,romn/s0505a.att.xml,Khuddakanikāye,AṬṬHAKATHĀ,Vipassana Research Institute / Tipitaka.org,Roman Pāli,23d5a2f5c77415b8920ce5bc61a164183f74b223e88174dc1127d56073270211,https://github.com/VipassanaTech/tipitaka-xml,e064d02da2db3df9a7d116a9191092b12e6dfe01,PINNED_IN_SLOT
20,20_KN_ATTHAKATHA_I.txt,romn/s0506a.att.xml,Khuddakanikāye,AṬṬHAKATHĀ,Vipassana Research Institute / Tipitaka.org,Roman Pāli,c9f30ed1570bd136f26cc22e274169a4605f053fe4855d26a34944b631d8b381,https://github.com/VipassanaTech/tipitaka-xml,e064d02da2db3df9a7d116a9191092b12e6dfe01,PINNED_IN_SLOT
20,20_KN_ATTHAKATHA_I.txt,romn/s0507a.att.xml,Khuddakanikāye,AṬṬHAKATHĀ,Vipassana Research Institute / Tipitaka.org,Roman Pāli,15d144c7814e215ff2591e8c421eae5c0dd8189656094fcfb18712599b7b08a9,https://github.com/VipassanaTech/tipitaka-xml,e064d02da2db3df9a7d116a9191092b12e6dfe01,PINNED_IN_SLOT
20,20_KN_ATTHAKATHA_I.txt,romn/s0508a1.att.xml,Khuddakanikāye,AṬṬHAKATHĀ,Vipassana Research Institute / Tipitaka.org,Roman Pāli,8e0de9cd062c353a18df365074209f524fabe3b20c8ec2e44e1ff7c28e1772e9,https://github.com/VipassanaTech/tipitaka-xml,e064d02da2db3df9a7d116a9191092b12e6dfe01,PINNED_IN_SLOT
20,20_KN_ATTHAKATHA_I.txt,romn/s0508a2.att.xml,Khuddakanikāye,AṬṬHAKATHĀ,Vipassana Research Institute / Tipitaka.org,Roman Pāli,9c55e55ebbd53110c8ab313557fbac8ad8e0b4d62201fab2b1fa5e00135c88d2,https://github.com/VipassanaTech/tipitaka-xml,e064d02da2db3df9a7d116a9191092b12e6dfe01,PINNED_IN_SLOT
20,20_KN_ATTHAKATHA_I.txt,romn/s0509a.att.xml,Khuddakanikāye,AṬṬHAKATHĀ,Vipassana Research Institute / Tipitaka.org,Roman Pāli,3d3318dca3f012c5ee316ea32c0c79fbeaa70668cf84ccb15311fa28fc55e277,https://github.com/VipassanaTech/tipitaka-xml,e064d02da2db3df9a7d116a9191092b12e6dfe01,PINNED_IN_SLOT
21,21_KN_ATTHAKATHA_II.txt,romn/s0510a.att.xml,Khuddakanikāye,AṬṬHAKATHĀ,Vipassana Research Institute / Tipitaka.org,Roman Pāli,d9ebdd764860f2f0750a8829ad8a4cc60bf4d1c96ac5c8f01e23db2bfee08faa,https://github.com/VipassanaTech/tipitaka-xml,e064d02da2db3df9a7d116a9191092b12e6dfe01,PINNED_IN_SLOT
21,21_KN_ATTHAKATHA_II.txt,romn/s0511a.att.xml,Khuddakanikāye,AṬṬHAKATHĀ,Vipassana Research Institute / Tipitaka.org,Roman Pāli,90c129d963c96b6ff632ec5821470d79fbb24a7f9753c13cf318f47f7ead18ec,https://github.com/VipassanaTech/tipitaka-xml,e064d02da2db3df9a7d116a9191092b12e6dfe01,PINNED_IN_SLOT
21,21_KN_ATTHAKATHA_II.txt,romn/s0512a.att.xml,Khuddakanikāye,AṬṬHAKATHĀ,Vipassana Research Institute / Tipitaka.org,Roman Pāli,16cdef686e904c3d1f9a69429fbeee74740172460d47115e17e86f674a3bed8c,https://github.com/VipassanaTech/tipitaka-xml,e064d02da2db3df9a7d116a9191092b12e6dfe01,PINNED_IN_SLOT
21,21_KN_ATTHAKATHA_II.txt,romn/s0513a1.att.xml,Khuddakanikāye,AṬṬHAKATHĀ,Vipassana Research Institute / Tipitaka.org,Roman Pāli,7c3c3dd17da8f8e0bc001b38670217bfad32942e4de9fc7f5d51913a5e117588,https://github.com/VipassanaTech/tipitaka-xml,e064d02da2db3df9a7d116a9191092b12e6dfe01,PINNED_IN_SLOT
21,21_KN_ATTHAKATHA_II.txt,romn/s0513a2.att.xml,Jātaka-aṭṭhakathā,AṬṬHAKATHĀ,Vipassana Research Institute / Tipitaka.org,Roman Pāli,bc0959440bfb5b2c5b18a2e65db5efb4f3c18b28da173892b472be599b95a1b8,https://github.com/VipassanaTech/tipitaka-xml,e064d02da2db3df9a7d116a9191092b12e6dfe01,PINNED_IN_SLOT
21,21_KN_ATTHAKATHA_II.txt,romn/s0513a3.att.xml,Khuddakanikāye,AṬṬHAKATHĀ,Vipassana Research Institute / Tipitaka.org,Roman Pāli,479fb67907e4a1839ece40d531ebcf73fa69411a0a91656d1e7e354864aa09a5,https://github.com/VipassanaTech/tipitaka-xml,e064d02da2db3df9a7d116a9191092b12e6dfe01,PINNED_IN_SLOT
21,21_KN_ATTHAKATHA_II.txt,romn/s0513a4.att.xml,Khuddakanikāye,AṬṬHAKATHĀ,Vipassana Research Institute / Tipitaka.org,Roman Pāli,2189bb11834c022763d27e615cc97332f27b387f9b511853e1092117b4fa661e,https://github.com/VipassanaTech/tipitaka-xml,e064d02da2db3df9a7d116a9191092b12e6dfe01,PINNED_IN_SLOT
21,21_KN_ATTHAKATHA_II.txt,romn/s0514a1.att.xml,17. Cattālīsanipāto,AṬṬHAKATHĀ,Vipassana Research Institute / Tipitaka.org,Roman Pāli,7031659b7f60ba721ed78089f4e2e54ca2c48b1477a9c78a1c9327791d8f4c9f,https://github.com/VipassanaTech/tipitaka-xml,e064d02da2db3df9a7d116a9191092b12e6dfe01,PINNED_IN_SLOT
21,21_KN_ATTHAKATHA_II.txt,romn/s0514a2.att.xml,Khuddakanikāye,AṬṬHAKATHĀ,Vipassana Research Institute / Tipitaka.org,Roman Pāli,3738cafe64b2ca79ad5526e058d16eecbb551784b47565cbd102c69a934ac4b9,https://github.com/VipassanaTech/tipitaka-xml,e064d02da2db3df9a7d116a9191092b12e6dfe01,PINNED_IN_SLOT
21,21_KN_ATTHAKATHA_II.txt,romn/s0514a3.att.xml,Khuddakanikāye,AṬṬHAKATHĀ,Vipassana Research Institute / Tipitaka.org,Roman Pāli,268d6023a96e7d5706f36a63e182873d1e98cd5f089dc741a8714c9dd7e8d2a4,https://github.com/VipassanaTech/tipitaka-xml,e064d02da2db3df9a7d116a9191092b12e6dfe01,PINNED_IN_SLOT
21,21_KN_ATTHAKATHA_II.txt,romn/s0515a.att.xml,Khuddakanikāye,AṬṬHAKATHĀ,Vipassana Research Institute / Tipitaka.org,Roman Pāli,d7ce96bf0a8e88cbfafb0738d39362adc3223699868cbff3b505fa4ec37a694a,https://github.com/VipassanaTech/tipitaka-xml,e064d02da2db3df9a7d116a9191092b12e6dfe01,PINNED_IN_SLOT
21,21_KN_ATTHAKATHA_II.txt,romn/s0516a.att.xml,Khuddakanikāye,AṬṬHAKATHĀ,Vipassana Research Institute / Tipitaka.org,Roman Pāli,8dee33234ec22815ad4a87dd2a1505c08083fda88038d64b7aaacae924c81d31,https://github.com/VipassanaTech/tipitaka-xml,e064d02da2db3df9a7d116a9191092b12e6dfe01,PINNED_IN_SLOT
21,21_KN_ATTHAKATHA_II.txt,romn/s0517a.att.xml,Khuddakanikāye,AṬṬHAKATHĀ,Vipassana Research Institute / Tipitaka.org,Roman Pāli,7b21a222f7a3dccec9eb8e4c63eef8874edfb408d53daca41162c5dcfd2419c1,https://github.com/VipassanaTech/tipitaka-xml,e064d02da2db3df9a7d116a9191092b12e6dfe01,PINNED_IN_SLOT
21,21_KN_ATTHAKATHA_II.txt,romn/s0519a.att.xml,Khuddakanikāye,AṬṬHAKATHĀ,Vipassana Research Institute / Tipitaka.org,Roman Pāli,6b960a7151c6a7c87e40164465743b9a06e32537447fc810e25c02822cf6ead1,https://github.com/VipassanaTech/tipitaka-xml,e064d02da2db3df9a7d116a9191092b12e6dfe01,PINNED_IN_SLOT
22,22_ABHIDHAMMA_ATTHAKATHA.txt,romn/abh01a.att.xml,Abhidhammapiṭake,AṬṬHAKATHĀ,Vipassana Research Institute / Tipitaka.org,Roman Pāli,11b69ee0081a8d0382da1e2cb6fbdd19d47284180f37b5efb146a67650ce1806,https://github.com/VipassanaTech/tipitaka-xml,e064d02da2db3df9a7d116a9191092b12e6dfe01,PINNED_IN_SLOT
22,22_ABHIDHAMMA_ATTHAKATHA.txt,romn/abh02a.att.xml,Abhidhammapiṭake,AṬṬHAKATHĀ,Vipassana Research Institute / Tipitaka.org,Roman Pāli,7c364d08d501a6fd2223fee8267bf03ef19b18edd4516bce5c8e7ace33c03eae,https://github.com/VipassanaTech/tipitaka-xml,e064d02da2db3df9a7d116a9191092b12e6dfe01,PINNED_IN_SLOT
22,22_ABHIDHAMMA_ATTHAKATHA.txt,romn/abh03a.att.xml,Abhidhammapiṭake,AṬṬHAKATHĀ,Vipassana Research Institute / Tipitaka.org,Roman Pāli,b5cdb8c05e9ac98f3593cfd10f09a0e96fd0e51138fc18bafc18e308813ee19f,https://github.com/VipassanaTech/tipitaka-xml,e064d02da2db3df9a7d116a9191092b12e6dfe01,PINNED_IN_SLOT
23,23_SUTTA_NETTI_TIKA.txt,romn/s0101t.tik.xml,Dīghanikāye,ṬĪKĀ,Vipassana Research Institute / Tipitaka.org,Roman Pāli,d5898019029d81ee146b029f8cad3b752721b691d498da90663ec13d93fb51f3,https://github.com/VipassanaTech/tipitaka-xml,e064d02da2db3df9a7d116a9191092b12e6dfe01,PINNED_IN_SLOT
23,23_SUTTA_NETTI_TIKA.txt,romn/s0102t.tik.xml,Dīghanikāye,ṬĪKĀ,Vipassana Research Institute / Tipitaka.org,Roman Pāli,ee2d144cd344a6b0d62cf20ba2e2cff5d04673dc894240e5a5fc3f8f9f9ead63,https://github.com/VipassanaTech/tipitaka-xml,e064d02da2db3df9a7d116a9191092b12e6dfe01,PINNED_IN_SLOT
23,23_SUTTA_NETTI_TIKA.txt,romn/s0103t.tik.xml,Dīghanikāye,ṬĪKĀ,Vipassana Research Institute / Tipitaka.org,Roman Pāli,4d0a33fe7abe66686d812aa2a3cd7d05271c5a4529dcb0184d18262b228e9ac7,https://github.com/VipassanaTech/tipitaka-xml,e064d02da2db3df9a7d116a9191092b12e6dfe01,PINNED_IN_SLOT
23,23_SUTTA_NETTI_TIKA.txt,romn/s0201t.tik.xml,Majjhimanikāye,ṬĪKĀ,Vipassana Research Institute / Tipitaka.org,Roman Pāli,c345798ec6958fbe8a88618e2da6eca1e21a1054383b83dd77cfa6478bf8ff4d,https://github.com/VipassanaTech/tipitaka-xml,e064d02da2db3df9a7d116a9191092b12e6dfe01,PINNED_IN_SLOT
23,23_SUTTA_NETTI_TIKA.txt,romn/s0202t.tik.xml,Majjhimanikāye,ṬĪKĀ,Vipassana Research Institute / Tipitaka.org,Roman Pāli,b4d0e1ef27e99c7a6c818236ab1cc005998ded4b5617394b2aeff1bbd380f37e,https://github.com/VipassanaTech/tipitaka-xml,e064d02da2db3df9a7d116a9191092b12e6dfe01,PINNED_IN_SLOT
23,23_SUTTA_NETTI_TIKA.txt,romn/s0203t.tik.xml,Majjhimanikāye,ṬĪKĀ,Vipassana Research Institute / Tipitaka.org,Roman Pāli,3a31641115fa1a65ee5b956ac53d6a704cce626aecf53a9203062ccf561ab99a,https://github.com/VipassanaTech/tipitaka-xml,e064d02da2db3df9a7d116a9191092b12e6dfe01,PINNED_IN_SLOT
23,23_SUTTA_NETTI_TIKA.txt,romn/s0301t.tik.xml,Saṃyuttanikāye,ṬĪKĀ,Vipassana Research Institute / Tipitaka.org,Roman Pāli,2f985db96335b68c7c89c176635c11a097926ab84c6bc24daa8592897439439d,https://github.com/VipassanaTech/tipitaka-xml,e064d02da2db3df9a7d116a9191092b12e6dfe01,PINNED_IN_SLOT
23,23_SUTTA_NETTI_TIKA.txt,romn/s0302t.tik.xml,Saṃyuttanikāye,ṬĪKĀ,Vipassana Research Institute / Tipitaka.org,Roman Pāli,d1ef2a771cdc2aa9a0b1057293e9605df7f077b0621c093a5e7a053a7fc56a07,https://github.com/VipassanaTech/tipitaka-xml,e064d02da2db3df9a7d116a9191092b12e6dfe01,PINNED_IN_SLOT
23,23_SUTTA_NETTI_TIKA.txt,romn/s0303t.tik.xml,Saṃyuttanikāye,ṬĪKĀ,Vipassana Research Institute / Tipitaka.org,Roman Pāli,5ce063f83000965fd956f02b6f4927a9a1931651a47aa4f2c55a60ec6a74f0c3,https://github.com/VipassanaTech/tipitaka-xml,e064d02da2db3df9a7d116a9191092b12e6dfe01,PINNED_IN_SLOT
23,23_SUTTA_NETTI_TIKA.txt,romn/s0304t.tik.xml,Saṃyuttanikāye,ṬĪKĀ,Vipassana Research Institute / Tipitaka.org,Roman Pāli,c1c7acdc92b4e546870eaf764cde64cf0a49ac56e13c12f1bbb3e6a457771033,https://github.com/VipassanaTech/tipitaka-xml,e064d02da2db3df9a7d116a9191092b12e6dfe01,PINNED_IN_SLOT
23,23_SUTTA_NETTI_TIKA.txt,romn/s0305t.tik.xml,Saṃyuttanikāye,ṬĪKĀ,Vipassana Research Institute / Tipitaka.org,Roman Pāli,e48204f3632bbb2c658d2e1b5a5486090031ffd2692a4610c5c250507d2f507d,https://github.com/VipassanaTech/tipitaka-xml,e064d02da2db3df9a7d116a9191092b12e6dfe01,PINNED_IN_SLOT
23,23_SUTTA_NETTI_TIKA.txt,romn/s0401t.tik.xml,Aṅguttaranikāye,ṬĪKĀ,Vipassana Research Institute / Tipitaka.org,Roman Pāli,cf63d84127860efa7f45da390d59c68732460df9835233ce757b7b21a24f6891,https://github.com/VipassanaTech/tipitaka-xml,e064d02da2db3df9a7d116a9191092b12e6dfe01,PINNED_IN_SLOT
23,23_SUTTA_NETTI_TIKA.txt,romn/s0402t.tik.xml,Aṅguttaranikāye,ṬĪKĀ,Vipassana Research Institute / Tipitaka.org,Roman Pāli,84d6e8c6b2342ad77656ead32433d9795d14148af3b036c9216f286ce8e0b5ba,https://github.com/VipassanaTech/tipitaka-xml,e064d02da2db3df9a7d116a9191092b12e6dfe01,PINNED_IN_SLOT
23,23_SUTTA_NETTI_TIKA.txt,romn/s0403t.tik.xml,Aṅguttaranikāye,ṬĪKĀ,Vipassana Research Institute / Tipitaka.org,Roman Pāli,5cfcb73f42872b792364c0baf2484bf870ee25737d39154a2a316ee53a793bad,https://github.com/VipassanaTech/tipitaka-xml,e064d02da2db3df9a7d116a9191092b12e6dfe01,PINNED_IN_SLOT
23,23_SUTTA_NETTI_TIKA.txt,romn/s0404t.tik.xml,Aṅguttaranikāye,ṬĪKĀ,Vipassana Research Institute / Tipitaka.org,Roman Pāli,d067b66eddf1a1693933eb2801cd6913496c908351d4265f1c90fe61ff717e05,https://github.com/VipassanaTech/tipitaka-xml,e064d02da2db3df9a7d116a9191092b12e6dfe01,PINNED_IN_SLOT
23,23_SUTTA_NETTI_TIKA.txt,romn/s0519t.tik.xml,Khuddakanikāye,ṬĪKĀ,Vipassana Research Institute / Tipitaka.org,Roman Pāli,6a0d07bd88139840422d7933b9f2cd4443393f4d02f0aade6a786727691ff3a4,https://github.com/VipassanaTech/tipitaka-xml,e064d02da2db3df9a7d116a9191092b12e6dfe01,PINNED_IN_SLOT
23,23_SUTTA_NETTI_TIKA.txt,romn/s0501t.nrf.xml,Khuddakanikāye,LATE ṬĪKĀ / NETTI EXEGESIS — NETTIVIBHĀVINĪ,Vipassana Research Institute / Tipitaka.org,Roman Pāli,6818fc783dadd33b01a810c72c3ebaa3c5807c21bb25aecdbbab0cab54cbb090,https://github.com/VipassanaTech/tipitaka-xml,e064d02da2db3df9a7d116a9191092b12e6dfe01,PINNED_IN_SLOT
23,23_SUTTA_NETTI_TIKA.txt,romn/e1210n.nrf.xml,Milidaṭīkā,ṬĪKĀ / MILINDA EXEGESIS — MILINDAṬĪKĀ,Vipassana Research Institute / Tipitaka.org,Roman Pāli,d8ef9a75144c61d95a998ed0f4721a03f2b338ad14e46ad6c3df51af64d8c311,https://github.com/VipassanaTech/tipitaka-xml,e064d02da2db3df9a7d116a9191092b12e6dfe01,PINNED_IN_SLOT
23,23_SUTTA_NETTI_TIKA.txt,romn/s0104t.nrf.xml,Dīghanikāye,ABHINAVAṬĪKĀ / LATE,Vipassana Research Institute / Tipitaka.org,Roman Pāli,0b9683a1d01ec458b0a34c59fc504b8d31f56d7f1d96f46b3176edb7af093e92,https://github.com/VipassanaTech/tipitaka-xml,e064d02da2db3df9a7d116a9191092b12e6dfe01,PINNED_IN_SLOT
23,23_SUTTA_NETTI_TIKA.txt,romn/s0105t.nrf.xml,Dīghanikāye,ABHINAVAṬĪKĀ / LATE,Vipassana Research Institute / Tipitaka.org,Roman Pāli,32d286c6b1efb5d9da4cbf0b845b64a829bba952c0ffc53d63063c9b90b51f51,https://github.com/VipassanaTech/tipitaka-xml,e064d02da2db3df9a7d116a9191092b12e6dfe01,PINNED_IN_SLOT
24,24_VINAYA_TIKA_MANUALS.txt,romn/vin01t1.tik.xml,Vinayapiṭake,ṬĪKĀ,Vipassana Research Institute / Tipitaka.org,Roman Pāli,36572b3a7160a5dcf3c6f7b4e329d8b68832d8a774f9ccb6eac8ee28656b0f1b,https://github.com/VipassanaTech/tipitaka-xml,e064d02da2db3df9a7d116a9191092b12e6dfe01,PINNED_IN_SLOT
24,24_VINAYA_TIKA_MANUALS.txt,romn/vin01t2.tik.xml,Vinayapiṭake,ṬĪKĀ,Vipassana Research Institute / Tipitaka.org,Roman Pāli,bcb09e8f8d2a9c5f52e7e3b13bf8d05244fc0635a73edc85dc21ee5bb6bd8487,https://github.com/VipassanaTech/tipitaka-xml,e064d02da2db3df9a7d116a9191092b12e6dfe01,PINNED_IN_SLOT
24,24_VINAYA_TIKA_MANUALS.txt,romn/vin02t.tik.xml,Vinayapiṭake,ṬĪKĀ,Vipassana Research Institute / Tipitaka.org,Roman Pāli,f37a9c1381c607f138b6a571488024a5cc28d0d74d182314c81723bb208f418f,https://github.com/VipassanaTech/tipitaka-xml,e064d02da2db3df9a7d116a9191092b12e6dfe01,PINNED_IN_SLOT
24,24_VINAYA_TIKA_MANUALS.txt,romn/vin05t.nrf.xml,Vinayapiṭake,POST-CANONICAL VINAYA COMPENDIUM / EXEGESIS,Vipassana Research Institute / Tipitaka.org,Roman Pāli,6ee9e7df7beb43eef08509d0252507884854dc070d3f18355f095b04c782a5cf,https://github.com/VipassanaTech/tipitaka-xml,e064d02da2db3df9a7d116a9191092b12e6dfe01,PINNED_IN_SLOT
24,24_VINAYA_TIKA_MANUALS.txt,romn/vin06t.nrf.xml,Vinayapiṭake,ṬĪKĀ — VINAYA EXEGESIS,Vipassana Research Institute / Tipitaka.org,Roman Pāli,aeb14354e73da0690b6065972a6096011c9078ad38e84190485683a05b494532,https://github.com/VipassanaTech/tipitaka-xml,e064d02da2db3df9a7d116a9191092b12e6dfe01,PINNED_IN_SLOT
24,24_VINAYA_TIKA_MANUALS.txt,romn/vin07t.nrf.xml,Vinayapiṭake,ṬĪKĀ — VINAYA EXEGESIS,Vipassana Research Institute / Tipitaka.org,Roman Pāli,ecd7defcd7d8cb380d43b3ca15d844588c8c079ef92a7fc4842338bf5ceb3f37,https://github.com/VipassanaTech/tipitaka-xml,e064d02da2db3df9a7d116a9191092b12e6dfe01,PINNED_IN_SLOT
24,24_VINAYA_TIKA_MANUALS.txt,romn/vin08t.nrf.xml,Vinayapiṭake,ṬĪKĀ — VINAYA EXEGESIS,Vipassana Research Institute / Tipitaka.org,Roman Pāli,1a87b4c6b253cf7c973b143f51e8d27a5050413842d41cd3827be595269e018c,https://github.com/VipassanaTech/tipitaka-xml,e064d02da2db3df9a7d116a9191092b12e6dfe01,PINNED_IN_SLOT
24,24_VINAYA_TIKA_MANUALS.txt,romn/vin09t.nrf.xml,Kaṅkhāvitaraṇīpurāṇa-ṭīkā,ṬĪKĀ — VINAYA EXEGESIS,Vipassana Research Institute / Tipitaka.org,Roman Pāli,408207475215e9d526411cf4322dd8141f6d305ff523b483e7d9b70e5354e400,https://github.com/VipassanaTech/tipitaka-xml,e064d02da2db3df9a7d116a9191092b12e6dfe01,PINNED_IN_SLOT
24,24_VINAYA_TIKA_MANUALS.txt,romn/vin10t.nrf.xml,Vinayavinicchayo,POST-CANONICAL VINAYA MANUAL,Vipassana Research Institute / Tipitaka.org,Roman Pāli,71147526e4ed6f4bcacf5b64789e9e41146fe19eb3c723f2588acde8c9edcdec,https://github.com/VipassanaTech/tipitaka-xml,e064d02da2db3df9a7d116a9191092b12e6dfe01,PINNED_IN_SLOT
24,24_VINAYA_TIKA_MANUALS.txt,romn/vin11t.nrf.xml,Vinayavinicchayaṭīkā,ṬĪKĀ — VINAYA EXEGESIS,Vipassana Research Institute / Tipitaka.org,Roman Pāli,3bd76233f9396805e89e4bc1d7fd1d6e2f45b3f59e8c4a733cffc526e1c14fed,https://github.com/VipassanaTech/tipitaka-xml,e064d02da2db3df9a7d116a9191092b12e6dfe01,PINNED_IN_SLOT
24,24_VINAYA_TIKA_MANUALS.txt,romn/vin12t.nrf.xml,Vinayapiṭake,YOJANĀ / VINAYA EXEGESIS,Vipassana Research Institute / Tipitaka.org,Roman Pāli,5c1c2882435888daea155f4480f3a0d0b90f440bec4ade3583d365774a6e4cf3,https://github.com/VipassanaTech/tipitaka-xml,e064d02da2db3df9a7d116a9191092b12e6dfe01,PINNED_IN_SLOT
24,24_VINAYA_TIKA_MANUALS.txt,romn/vin13t.nrf.xml,Khuddasikkhā-mūlasikkhā,POST-CANONICAL VINAYA MANUALS,Vipassana Research Institute / Tipitaka.org,Roman Pāli,4113a749127f0e50dbf7d81f2a2ac0900ca11b4edd345418014d17cd6bd49307,https://github.com/VipassanaTech/tipitaka-xml,e064d02da2db3df9a7d116a9191092b12e6dfe01,PINNED_IN_SLOT
24,24_VINAYA_TIKA_MANUALS.txt,romn/e1102n.nrf.xml,Sīmavisodhanī,POST-CANONICAL VINAYA TREATISE — SĪMĀ,Vipassana Research Institute / Tipitaka.org,Roman Pāli,75f5b2866da42412944016bcc0615e0c2d68e9dd8e1505e64b779dffa38dcab1,https://github.com/VipassanaTech/tipitaka-xml,e064d02da2db3df9a7d116a9191092b12e6dfe01,PINNED_IN_SLOT
25,25_ABHIDHAMMA_TIKA_MANUALS.txt,romn/abh01t.tik.xml,Abhidhammapiṭake,ṬĪKĀ,Vipassana Research Institute / Tipitaka.org,Roman Pāli,860bedfce559f20a17aefc620b078304089813b3d325a278eff74f300192f16e,https://github.com/VipassanaTech/tipitaka-xml,e064d02da2db3df9a7d116a9191092b12e6dfe01,PINNED_IN_SLOT
25,25_ABHIDHAMMA_TIKA_MANUALS.txt,romn/abh02t.tik.xml,Abhidhammapiṭake,ṬĪKĀ,Vipassana Research Institute / Tipitaka.org,Roman Pāli,4755bc52e07c5504913b9a432cda010cdfbf24775fe8f756e673950020d83830,https://github.com/VipassanaTech/tipitaka-xml,e064d02da2db3df9a7d116a9191092b12e6dfe01,PINNED_IN_SLOT
25,25_ABHIDHAMMA_TIKA_MANUALS.txt,romn/abh03t.tik.xml,Abhidhammapiṭake,ṬĪKĀ,Vipassana Research Institute / Tipitaka.org,Roman Pāli,a408fe03fa67a522639b7c7c07de42550b1f430fc4b7ac74b6c17d0ae7a910c6,https://github.com/VipassanaTech/tipitaka-xml,e064d02da2db3df9a7d116a9191092b12e6dfe01,PINNED_IN_SLOT
25,25_ABHIDHAMMA_TIKA_MANUALS.txt,romn/abh04t.nrf.xml,Abhidhammapiṭake,ANUṬĪKĀ — ABHIDHAMMA,Vipassana Research Institute / Tipitaka.org,Roman Pāli,10a60ce8e8f8880f35750e916717edac17f64650804523c8e5f3712764b1d1f1,https://github.com/VipassanaTech/tipitaka-xml,e064d02da2db3df9a7d116a9191092b12e6dfe01,PINNED_IN_SLOT
25,25_ABHIDHAMMA_TIKA_MANUALS.txt,romn/abh05t.nrf.xml,Abhidhammapiṭake,ANUṬĪKĀ — ABHIDHAMMA,Vipassana Research Institute / Tipitaka.org,Roman Pāli,d2fa089de31c1f44d7f0c8692eee0f3a17f2a1b84d2f11d3a77e6aaa18ffed46,https://github.com/VipassanaTech/tipitaka-xml,e064d02da2db3df9a7d116a9191092b12e6dfe01,PINNED_IN_SLOT
25,25_ABHIDHAMMA_TIKA_MANUALS.txt,romn/abh06t.nrf.xml,Abhidhammāvatāro,POST-CANONICAL ABHIDHAMMA MANUAL — COMMENTARIAL ERA,Vipassana Research Institute / Tipitaka.org,Roman Pāli,486792e4aff388f865fc22a2b826acc31beb5eb48936419e36c73ee54b21087d,https://github.com/VipassanaTech/tipitaka-xml,e064d02da2db3df9a7d116a9191092b12e6dfe01,PINNED_IN_SLOT
25,25_ABHIDHAMMA_TIKA_MANUALS.txt,romn/abh07t.nrf.xml,Abhidhammatthasaṅgaho,POST-CANONICAL ABHIDHAMMA MANUAL — MEDIEVAL,Vipassana Research Institute / Tipitaka.org,Roman Pāli,d44e930247bc06dd0ed2c4d7729e467675b0de84eedc000b9237f09fe9520b15,https://github.com/VipassanaTech/tipitaka-xml,e064d02da2db3df9a7d116a9191092b12e6dfe01,PINNED_IN_SLOT
25,25_ABHIDHAMMA_TIKA_MANUALS.txt,romn/abh08t.nrf.xml,Abhidhammāvatāra-purāṇaṭīkā,ṬĪKĀ — ABHIDHAMMA MANUAL,Vipassana Research Institute / Tipitaka.org,Roman Pāli,271e50010fdd002699963010db0213aa03eb957d76d42f52e9fd2ce5de8c83d8,https://github.com/VipassanaTech/tipitaka-xml,e064d02da2db3df9a7d116a9191092b12e6dfe01,PINNED_IN_SLOT
25,25_ABHIDHAMMA_TIKA_MANUALS.txt,external/ruparupavibhaga/RUPARUPAVIBHAGA_PTS1915_DIPLOMATIC_v1.txt,Rūpārūpavibhāga,POST-CANONICAL ABHIDHAMMA MANUAL — DIPLOMATIC PTS-BASED TEXT,,Roman Pāli,a4b40ead381ec831a0df96c560de527fbf80cb08f40dad37977a1ea1d75a892f,PTS 1915 printed edition control + local verified transcription,,VERIFIED_C2B5_DIPLOMATIC_EXTERNAL
