slot,slot_file,source_file,expected_source_sha256,work,layer_status
1,01_VINAYA_MULA_CST.txt,romn/vin01m.mul.xml,4998460f1bb0e76a5e88bcfd89a3de11951d8ed461b09a3b8912e281604a670e,Pārājikapāḷi,MŪLA
1,01_VINAYA_MULA_CST.txt,romn/vin02m1.mul.xml,2cbb3463fcefc0165103790a07fec20020b4420a30df624ef92c9141841ccd20,Pācittiyapāḷi,MŪLA
1,01_VINAYA_MULA_CST.txt,romn/vin02m2.mul.xml,807ff2a2f726d8c7925d2ea93cea21eae9932c8581e96c4bec51b4c117d42587,Mahāvaggapāḷi,MŪLA
1,01_VINAYA_MULA_CST.txt,romn/vin02m3.mul.xml,f2fb76625c37a5924903ada1e94741af66f55fc3ca9ada734f1a2b137e021a84,Cūḷavaggapāḷi,MŪLA
1,01_VINAYA_MULA_CST.txt,romn/vin02m4.mul.xml,66bea7d6ad3fbc5917045bf214733371639a7bba525833f467f6fdd8c198b6c8,Parivārapāḷi,MŪLA
2,02_DN_MULA_CST.txt,romn/s0101m.mul.xml,f7c1cd5898954fb7f67781a55ebe9333750f7bdc162b108b26c1a5cd2cebd944,Dīgha Nikāya — Sīlakkhandhavaggapāḷi,MŪLA
2,02_DN_MULA_CST.txt,romn/s0102m.mul.xml,1e0001399f3270868cfacf7247d29a4bf05dde6ba63ef722d9b41dc87421895f,Dīgha Nikāya — Mahāvaggapāḷi,MŪLA
2,02_DN_MULA_CST.txt,romn/s0103m.mul.xml,dc25cefc0ba6575417997d7fe7599ff28a421cf1a0fc7f2e015d19c28f7f2d3c,Dīgha Nikāya — Pāthikavaggapāḷi,MŪLA
3,03_MN_MULA_CST.txt,romn/s0201m.mul.xml,92246ecbf18e1625ca43835eab2e62064dfd50d7fc20c5238b8d91779e633144,Majjhima Nikāya — Mūlapaṇṇāsapāḷi,MŪLA
3,03_MN_MULA_CST.txt,romn/s0202m.mul.xml,8fc70e9b55b2f283c15bbddedf69f79d18cbaf64379004525934a5a2a4bdc166,Majjhima Nikāya — Majjhimapaṇṇāsapāḷi,MŪLA
3,03_MN_MULA_CST.txt,romn/s0203m.mul.xml,5e2448c1591299c58e7d0af07ce6fb52676306e8cad7dd2fa154f8c980aa4844,Majjhima Nikāya — Uparipaṇṇāsapāḷi,MŪLA
4,04_SN_MULA_CST.txt,romn/s0301m.mul.xml,2a4a21596a0eda19c74fc2dedaaaccf262bf1776c09b3043d654a9f1c676411b,Saṃyutta Nikāya — Sagāthāvaggapāḷi,MŪLA
4,04_SN_MULA_CST.txt,romn/s0302m.mul.xml,61bc83404230b7cf06142f642834c8ea69aa0f4f2cc45d201716cd1ac9a0b40a,Saṃyutta Nikāya — Nidānavaggapāḷi,MŪLA
4,04_SN_MULA_CST.txt,romn/s0303m.mul.xml,ab96b1c89578c607a73f3bc931dff1315b1427815ce94b2ea1929583152f5a2a,Saṃyutta Nikāya — Khandhavaggapāḷi,MŪLA
4,04_SN_MULA_CST.txt,romn/s0304m.mul.xml,82cb012c7f462a46f1d159577d13a5cabf3a8259c7886660d4fd83beee4f4dbb,Saṃyutta Nikāya — Saḷāyatanavaggapāḷi,MŪLA
4,04_SN_MULA_CST.txt,romn/s0305m.mul.xml,95300f79a48558b66d54e5e0913b526aeda2be88cc3f3f3fd44542419fbebb78,Saṃyutta Nikāya — Mahāvaggapāḷi,MŪLA
5,05_AN_MULA_CST.txt,romn/s0401m.mul.xml,2938300630a21715daf6b461139d636684b2643f3978257caaf211c842a805cb,Aṅguttara Nikāya — Ekakanipātapāḷi,MŪLA
5,05_AN_MULA_CST.txt,romn/s0402m1.mul.xml,a41908917b1c0bf1e17c740845612d7a83489073a8bdfde3425f442cd73252a5,Aṅguttara Nikāya — Dukanipātapāḷi,MŪLA
5,05_AN_MULA_CST.txt,romn/s0402m2.mul.xml,41ea7d2199fa1616691e3d358db4d84c69d049b9a7c26ba94688b0d9cae7197a,Aṅguttara Nikāya — Tikanipātapāḷi,MŪLA
5,05_AN_MULA_CST.txt,romn/s0402m3.mul.xml,17841b20862c2c6e52d58fd34d75747fa606cb9d6fc5610eb4e3bba41dede667,Aṅguttara Nikāya — Catukkanipātapāḷi,MŪLA
5,05_AN_MULA_CST.txt,romn/s0403m1.mul.xml,92476afb6d3a4a776e60040dfb17c1df73e06be5926a3380d9909b44e68e521d,Aṅguttara Nikāya — Pañcakanipātapāḷi,MŪLA
5,05_AN_MULA_CST.txt,romn/s0403m2.mul.xml,897920bfe0cebc71ec18a2faab329425b19ba4424d7569ab0c4e10653afb975b,Aṅguttara Nikāya — Chakkanipātapāḷi,MŪLA
5,05_AN_MULA_CST.txt,romn/s0403m3.mul.xml,da7f3ae6c21c3414f9f7e9b8c76695d18e1a67feeaa0f60b357badee8ce7beec,Aṅguttara Nikāya — Sattakanipātapāḷi,MŪLA
5,05_AN_MULA_CST.txt,romn/s0404m1.mul.xml,249d11e097926ab394a1613ee6587511cfb2bd74e68585c8fadde1df8cd9c2c9,Aṅguttara Nikāya — Aṭṭhakanipātapāḷi,MŪLA
5,05_AN_MULA_CST.txt,romn/s0404m2.mul.xml,d1a6fcd8556282516bc2afcab382b896e93e9bc2d2db2d1967a8a56e6c2256f5,Aṅguttara Nikāya — Navakanipātapāḷi,MŪLA
5,05_AN_MULA_CST.txt,romn/s0404m3.mul.xml,9de153dadb79ecead1754dd865779b41d3f6583c9eb1b0832d9ad73938ec0e6c,Aṅguttara Nikāya — Dasakanipātapāḷi,MŪLA
5,05_AN_MULA_CST.txt,romn/s0404m4.mul.xml,9c6bc459b241c1a2a2d2e36557a245f97065cf335a9feab9779228786f1138d3,Aṅguttara Nikāya — Ekādasakanipātapāḷi,MŪLA
6,06_KN_EARLY_MULA.txt,romn/s0501m.mul.xml,a9f4086f23aa72ef72f45651d3d0fabed05b15f8d4760a2689cf2526c90c0d6f,Khuddakapāṭhapāḷi,MŪLA
6,06_KN_EARLY_MULA.txt,romn/s0502m.mul.xml,17bd8e40331d5a90384459f4c00f4f93c6df84c565f9a276f28c117f6f1f94e8,Dhammapadapāḷi,MŪLA
6,06_KN_EARLY_MULA.txt,romn/s0503m.mul.xml,bd1d149a2e374da849f7c9ed9cfe2318027e89dbc187b6caaec8e57dba6af864,Udānapāḷi,MŪLA
6,06_KN_EARLY_MULA.txt,romn/s0504m.mul.xml,0bd17a4513904c1328aca6457c01fbed72909a0484398304f2d5f25c53bb1a5c,Itivuttakapāḷi,MŪLA
6,06_KN_EARLY_MULA.txt,romn/s0505m.mul.xml,4edf85ef43bf3eda6be00d7b5210db4b493cf4323654345fc20fe493a5ebc7c2,Suttanipātapāḷi,MŪLA
7,07_KN_POETRY_MULA.txt,romn/s0506m.mul.xml,667955d2ff764ea89c7c7759e4d40474b7c8c0f87fb18b43e85e13fb611e2116,Vimānavatthupāḷi,MŪLA
7,07_KN_POETRY_MULA.txt,romn/s0507m.mul.xml,d640893ab1eeef5256865e499c8b47c8719c4b9c259e9d85c45ccb6a475854d3,Petavatthupāḷi,MŪLA
7,07_KN_POETRY_MULA.txt,romn/s0508m.mul.xml,30a3a7daaf5724e1b3eee155c37427354560c3bfb92e5ae16ac5b7b6ce1255b7,Theragāthāpāḷi,MŪLA
7,07_KN_POETRY_MULA.txt,romn/s0509m.mul.xml,51eae489b3a5bc8dc553936eb5df27b68f8e3e592373fe4f91048f3c9cc913a3,Therīgāthāpāḷi,MŪLA
8,08_KN_LATER_MULA.txt,romn/s0510m1.mul.xml,ad566fefab842ddcf02a84b1bda9b9dafcadba2cbb4e81fad1be58c98cc2bed1,Apadānapāḷi — part 1,MŪLA
8,08_KN_LATER_MULA.txt,romn/s0510m2.mul.xml,23e0721c8fe05a6105b56b627ac38291d10e0eab799a082c257466603f0839a1,Apadānapāḷi — part 2,MŪLA
8,08_KN_LATER_MULA.txt,romn/s0511m.mul.xml,b86d4763b131525272a4e7f0fb2870810e17dda42cf02c92a49553397bd3acb5,Buddhavaṃsapāḷi,MŪLA
8,08_KN_LATER_MULA.txt,romn/s0512m.mul.xml,76010b9b77f12bf675b3e04e6d7a7ff166d23e131bcf948440ca7515f3890d95,Cariyāpiṭakapāḷi,MŪLA
8,08_KN_LATER_MULA.txt,romn/s0513m.mul.xml,0f2f00e929705c28b77925bed8c2f00ff830085e48a7023d356382363d1ef228,Jātakapāḷi — part 1,MŪLA
8,08_KN_LATER_MULA.txt,romn/s0514m.mul.xml,9fc8581962238d36651ed8974480b86c7375d0d06bbbe051d0eee6bdc1ecf8c9,Jātakapāḷi — part 2,MŪLA
9,09_KN_EXEGETICAL_MULA.txt,romn/s0515m.mul.xml,48a4a77593c73593b8c4d4361bd7b7146194b695d5bc4c6e8729c468e07016c7,Mahāniddesapāḷi,MŪLA
9,09_KN_EXEGETICAL_MULA.txt,romn/s0516m.mul.xml,e7ac11f11dff5ce618d36da8ca5f2da6faee016a3efd2807e7bb88b1e1878563,Cūḷaniddesapāḷi,MŪLA
9,09_KN_EXEGETICAL_MULA.txt,romn/s0517m.mul.xml,8a270ae437979da2cfe139cee5f208578869e01cb6840ece31775f0b8d2de85e,Paṭisambhidāmaggapāḷi,MŪLA
10,10_KN_NETTI_MILINDA_PETAKA.txt,romn/s0518m.nrf.xml,06bbd414bd8570e63f280ab34d945f72eee5382a79cda583a852027c4f078570,Milindapañhapāḷi,NRF / supplementary in repo
10,10_KN_NETTI_MILINDA_PETAKA.txt,romn/s0519m.mul.xml,f6faf22ff2942511b6b70c954f4dff844e24aff45870e40204fb5f656564a9bc,Nettippakaraṇapāḷi,MŪLA
10,10_KN_NETTI_MILINDA_PETAKA.txt,romn/s0520m.nrf.xml,7f1e456b94adae946c8e05e66f6b3600dc882175285223e9669d82aee2f04f4d,Peṭakopadesapāḷi,NRF / supplementary in repo
11,11_ABHIDHAMMA_CORE_MULA.txt,romn/abh01m.mul.xml,e7c91999b885b328cb0b78bd19126c0e3fcf229994268f4eb9f0773afefa2e56,Dhammasaṅgaṇīpāḷi,MŪLA
11,11_ABHIDHAMMA_CORE_MULA.txt,romn/abh02m.mul.xml,81626686eff183b32cd24f1e77cc6baf907e16af1258d5b981150857d6f172f9,Vibhaṅgapāḷi,MŪLA
11,11_ABHIDHAMMA_CORE_MULA.txt,romn/abh03m1.mul.xml,ea4d1d33bd1ab0f4f727c5ecf698033061b16f41c7113d33cd6ea2a391d0623d,Dhātukathāpāḷi,MŪLA
11,11_ABHIDHAMMA_CORE_MULA.txt,romn/abh03m2.mul.xml,63e4973cbec847559c23f2f286c8ec3ae39616da5f5732a95086dcc84de31d5a,Puggalapaññattipāḷi,MŪLA
11,11_ABHIDHAMMA_CORE_MULA.txt,romn/abh03m3.mul.xml,a046204fee5c6d8feae61be173f524c9b1a6648f8f7113d49e26586930afdac8,Kathāvatthupāḷi,MŪLA
12,12_YAMAKA_MULA.txt,romn/abh03m4.mul.xml,42b89513b05761b80aedac7176f6b9a64f31deb62f653b7c6d5cbcf2de832b63,Yamakapāḷi — part 1,MŪLA
12,12_YAMAKA_MULA.txt,romn/abh03m5.mul.xml,e7fe98a900a1bb1d78805760a57bb39a59ccecb066a838733fac73d62462f112,Yamakapāḷi — part 2,MŪLA
12,12_YAMAKA_MULA.txt,romn/abh03m6.mul.xml,4c89155ca2cd74885f74a079a3c3fcddea63d199c93fb16024825015fed66147,Yamakapāḷi — part 3,MŪLA
13,13_PATTHANA_MULA.txt,romn/abh03m7.mul.xml,e33513b200f58682ad9d71b109c717a054b1f2f215f0addcfde1a8da7247cf76,Paṭṭhānapāḷi — part 1,MŪLA
13,13_PATTHANA_MULA.txt,romn/abh03m8.mul.xml,bd4e45cfaabe890d0441ab32d944336af84b8dbb779592001c6681707b38405f,Paṭṭhānapāḷi — part 2,MŪLA
13,13_PATTHANA_MULA.txt,romn/abh03m9.mul.xml,3f989154208dcfe909bad0dc817787e888dfb054d2aaf7a864a239576b5d11b0,Paṭṭhānapāḷi — part 3,MŪLA
13,13_PATTHANA_MULA.txt,romn/abh03m10.mul.xml,a267c3c171136291c563b95311e5008982e0521371b4b97315945bbbe99677f6,Paṭṭhānapāḷi — part 4,MŪLA
13,13_PATTHANA_MULA.txt,romn/abh03m11.mul.xml,9529761f93592729650d8db59b762dcbcc94b5de4bfd36cfce655eac8bbd37cc,Paṭṭhānapāḷi — part 5,MŪLA
